run,model,parameter,posterior_mean,posterior_sd,ci_2.5,ci_97.5
ces_default_baseline_20260622_011831,ces,alpha,0.6692136714203483,0.0691611544744983,0.543669586650651,0.7835331826591645
ces_default_baseline_20260622_011831,ces,kappa,0.06227667458106645,0.049335296388909426,-0.005924679878595865,0.1763827356136615
ces_default_baseline_20260622_011831,ces,phi_1,0.9192163635772148,0.036930237832872775,0.8377807352111615,0.9702937456697033
ces_default_baseline_20260622_011831,ces,lambda_ez,-0.008516941295972351,0.10994557897561139,-0.20471227847713042,0.2213802913804369
ces_default_baseline_20260622_011832,ces,alpha,0.6692136714203483,0.0691611544744983,0.543669586650651,0.7835331826591645
ces_default_baseline_20260622_011832,ces,kappa,0.06227667458106645,0.049335296388909426,-0.005924679878595865,0.1763827356136615
ces_default_baseline_20260622_011832,ces,phi_1,0.9192163635772148,0.036930237832872775,0.8377807352111615,0.9702937456697033
ces_default_baseline_20260622_011832,ces,lambda_ez,-0.008516941295972351,0.10994557897561139,-0.20471227847713042,0.2213802913804369
ces_default_baseline_20260622_011851,ces,alpha,0.6617538615455107,0.06739969087994886,0.5261587491652329,0.7745145121108521
ces_default_baseline_20260622_011851,ces,kappa,0.04718412562870076,0.04629796712104945,-0.037625594327028423,0.1371223230292646
ces_default_baseline_20260622_011851,ces,phi_1,0.9233322442903991,0.027000130715070684,0.8799882748495432,0.9713191750086874
ces_default_baseline_20260622_011851,ces,lambda_ez,-0.00033170176568332284,0.11383152157846474,-0.18367355401547028,0.21040686845826612
ces_default_baseline_20260622_125732,ces,alpha,0.6692136714203483,0.0691611544744983,0.543669586650651,0.7835331826591645
ces_default_baseline_20260622_125732,ces,kappa,0.06227667458106645,0.049335296388909426,-0.005924679878595865,0.1763827356136615
ces_default_baseline_20260622_125732,ces,phi_1,0.9192163635772148,0.036930237832872775,0.8377807352111615,0.9702937456697033
ces_default_baseline_20260622_125732,ces,lambda_ez,-0.008516941295972351,0.10994557897561139,-0.20471227847713042,0.2213802913804369
ces_default_baseline_20260622_130150,ces,alpha,0.6692136714203483,0.0691611544744983,0.543669586650651,0.7835331826591645
ces_default_baseline_20260622_130150,ces,kappa,0.06227667458106645,0.049335296388909426,-0.005924679878595865,0.1763827356136615
ces_default_baseline_20260622_130150,ces,phi_1,0.9192163635772148,0.036930237832872775,0.8377807352111615,0.9702937456697033
ces_default_baseline_20260622_130150,ces,lambda_ez,-0.008516941295972351,0.10994557897561139,-0.20471227847713042,0.2213802913804369
ces_default_tight_20260622_011851,ces,alpha,0.638865991095315,0.05057520857952264,0.5556489232029649,0.7145434859738802
ces_default_tight_20260622_011851,ces,kappa,0.06216614588474643,0.04719680342422936,-0.020637936948805398,0.13296984424676062
ces_default_tight_20260622_011851,ces,phi_1,0.8900972633187413,0.028015059228339776,0.840536926091394,0.9389842667437992
ces_default_tight_20260622_011851,ces,lambda_ez,-0.017343018915715276,0.09170109725069371,-0.1794400682828545,0.17553084033739552
ces_default_weak_20260622_011851,ces,alpha,0.6802408831516003,0.06905322201053761,0.5555661871785861,0.7658823969887226
ces_default_weak_20260622_011851,ces,kappa,0.058051676731622925,0.04806967534849686,-0.02121098937530603,0.1583449250823126
ces_default_weak_20260622_011851,ces,phi_1,0.919770620142016,0.030029014256733096,0.8687489013500441,0.9738118411198923
ces_default_weak_20260622_011851,ces,lambda_ez,0.002494617207229465,0.10866133245453757,-0.18144750798624662,0.17438129338893446
ces_inv_markup_baseline_20260622_131545,ces,alpha,0.6342404002798551,0.05883234843403645,0.5473848560101239,0.7427868640999529
ces_inv_markup_baseline_20260622_131545,ces,kappa,0.011648962549321715,0.12378137997088345,-0.2051382524731305,0.30179018459993434
ces_inv_markup_baseline_20260622_131545,ces,phi_1,0.6732951222789972,0.07211311963889495,0.5320944084748179,0.773889968752647
ces_inv_markup_baseline_20260622_131545,ces,lambda_ez,-0.03696308670884714,0.14836916445001347,-0.33845891223589475,0.22482113804737242
ces_output_gap_bn_baseline_20260622_131732,ces,alpha,0.6692136714203483,0.0691611544744983,0.543669586650651,0.7835331826591645
ces_output_gap_bn_baseline_20260622_131732,ces,kappa,0.06227667458106645,0.049335296388909426,-0.005924679878595865,0.1763827356136615
ces_output_gap_bn_baseline_20260622_131732,ces,phi_1,0.9192163635772148,0.036930237832872775,0.8377807352111615,0.9702937456697033
ces_output_gap_bn_baseline_20260622_131732,ces,lambda_ez,-0.008516941295972351,0.10994557897561139,-0.20471227847713042,0.2213802913804369
ces_unemployment_gap_baseline_20260622_131739,ces,alpha,0.6427407392973773,0.0616084960605615,0.5494425929521101,0.7623373146493231
ces_unemployment_gap_baseline_20260622_131739,ces,kappa,0.057728926018441394,0.03694678411600675,0.006260536958697029,0.13981513409328578
ces_unemployment_gap_baseline_20260622_131739,ces,phi_1,0.9533101985493719,0.03057699195595566,0.8906320645320681,0.9957427606215339
ces_unemployment_gap_baseline_20260622_131739,ces,lambda_ez,0.02761928140499902,0.09711505707366294,-0.13684103074164133,0.18159395902595846
hsa_dynamic_default_baseline_20260622_125743,hsa_dynamic,alpha,0.6417288070153944,0.05720888981434991,0.5407378701465779,0.7302139318812234
hsa_dynamic_default_baseline_20260622_125743,hsa_dynamic,kappa,0.08121150220326542,0.040568210328920475,-0.0036598290783490315,0.15032842600419924
hsa_dynamic_default_baseline_20260622_125743,hsa_dynamic,theta,0.008900221570465047,0.003481833095518692,0.0011321684087000291,0.01438802060295853
hsa_dynamic_default_baseline_20260622_125743,hsa_dynamic,phi_1,0.9069454271011039,0.026284529469978373,0.8612977331642516,0.9529497540440052
hsa_dynamic_default_baseline_20260622_125743,hsa_dynamic,rho_1,1.862153551986514,0.03600718785355616,1.793727971115525,1.913046093808195
hsa_dynamic_default_baseline_20260622_125743,hsa_dynamic,rho_2,-0.8656950200688373,0.035811623377506985,-0.916677845297475,-0.7965863844418942
hsa_dynamic_default_baseline_20260622_125743,hsa_dynamic,n,-0.026320749709305154,0.07330123215650781,-0.15019416971600097,0.10596228484783264
hsa_dynamic_default_baseline_20260622_130153,hsa_dynamic,alpha,0.6417288070153944,0.05720888981434991,0.5407378701465779,0.7302139318812234
hsa_dynamic_default_baseline_20260622_130153,hsa_dynamic,kappa,0.08121150220326542,0.040568210328920475,-0.0036598290783490315,0.15032842600419924
hsa_dynamic_default_baseline_20260622_130153,hsa_dynamic,theta,0.008900221570465047,0.003481833095518692,0.0011321684087000291,0.01438802060295853
hsa_dynamic_default_baseline_20260622_130153,hsa_dynamic,phi_1,0.9069454271011039,0.026284529469978373,0.8612977331642516,0.9529497540440052
hsa_dynamic_default_baseline_20260622_130153,hsa_dynamic,rho_1,1.862153551986514,0.03600718785355616,1.793727971115525,1.913046093808195
hsa_dynamic_default_baseline_20260622_130153,hsa_dynamic,rho_2,-0.8656950200688373,0.035811623377506985,-0.916677845297475,-0.7965863844418942
hsa_dynamic_default_baseline_20260622_130153,hsa_dynamic,n,-0.026320749709305154,0.07330123215650781,-0.15019416971600097,0.10596228484783264
hsa_dynamic_inv_markup_baseline_20260622_131549,hsa_dynamic,alpha,0.6160830959720842,0.0514656756701753,0.5294259737644587,0.7235356469859925
hsa_dynamic_inv_markup_baseline_20260622_131549,hsa_dynamic,kappa,0.030089904459993915,0.1530949568879425,-0.21273752513600713,0.30237212797208435
hsa_dynamic_inv_markup_baseline_20260622_131549,hsa_dynamic,theta,0.008273059652678705,0.0038630227738098402,0.002910406876295694,0.015830764754206184
hsa_dynamic_inv_markup_baseline_20260622_131549,hsa_dynamic,phi_1,0.650723845468745,0.07101299167144348,0.5171707554358597,0.7830885741569522
hsa_dynamic_inv_markup_baseline_20260622_131549,hsa_dynamic,rho_1,1.8712740011397664,0.030346883323079756,1.8073790215911147,1.9098692081714004
hsa_dynamic_inv_markup_baseline_20260622_131549,hsa_dynamic,rho_2,-0.8747777003631884,0.03013355172844749,-0.9149672363461367,-0.8100803169750856
hsa_dynamic_inv_markup_baseline_20260622_131549,hsa_dynamic,n,-0.035328121567856,0.04862015811020576,-0.114259906779801,0.05090041200799057
hsa_dynamic_output_gap_bn_baseline_20260622_131735,hsa_dynamic,alpha,0.6417288070153944,0.05720888981434991,0.5407378701465779,0.7302139318812234
hsa_dynamic_output_gap_bn_baseline_20260622_131735,hsa_dynamic,kappa,0.08121150220326542,0.040568210328920475,-0.0036598290783490315,0.15032842600419924
hsa_dynamic_output_gap_bn_baseline_20260622_131735,hsa_dynamic,theta,0.008900221570465047,0.003481833095518692,0.0011321684087000291,0.01438802060295853
hsa_dynamic_output_gap_bn_baseline_20260622_131735,hsa_dynamic,phi_1,0.9069454271011039,0.026284529469978373,0.8612977331642516,0.9529497540440052
hsa_dynamic_output_gap_bn_baseline_20260622_131735,hsa_dynamic,rho_1,1.862153551986514,0.03600718785355616,1.793727971115525,1.913046093808195
hsa_dynamic_output_gap_bn_baseline_20260622_131735,hsa_dynamic,rho_2,-0.8656950200688373,0.035811623377506985,-0.916677845297475,-0.7965863844418942
hsa_dynamic_output_gap_bn_baseline_20260622_131735,hsa_dynamic,n,-0.026320749709305154,0.07330123215650781,-0.15019416971600097,0.10596228484783264
hsa_dynamic_unemployment_gap_baseline_20260622_131740,hsa_dynamic,alpha,0.5916610621562409,0.04536674774508082,0.5213478585716058,0.6629310641039088
hsa_dynamic_unemployment_gap_baseline_20260622_131740,hsa_dynamic,kappa,0.09426693525484546,0.03478845865824435,0.044285269398497654,0.15987018744601375
hsa_dynamic_unemployment_gap_baseline_20260622_131740,hsa_dynamic,theta,0.011689385138993483,0.00332512590249203,0.006255540410929559,0.01845630917483327
hsa_dynamic_unemployment_gap_baseline_20260622_131740,hsa_dynamic,phi_1,0.9545369407293037,0.02641692076518338,0.9116950013930771,0.9996973268113231
hsa_dynamic_unemployment_gap_baseline_20260622_131740,hsa_dynamic,rho_1,1.8723350009864557,0.04182822127281326,1.7904039447682194,1.941225281487728
hsa_dynamic_unemployment_gap_baseline_20260622_131740,hsa_dynamic,rho_2,-0.875944714554435,0.04165996870546686,-0.945430719185191,-0.7923410719618244
hsa_dynamic_unemployment_gap_baseline_20260622_131740,hsa_dynamic,n,0.0006793505542529085,0.05616964662134468,-0.09125473464765461,0.0972453885625873
hsa_full_default_baseline_20260622_125744,hsa_full,alpha,0.6623576043897899,0.05465698419048067,0.5625316885811991,0.7575000641226114
hsa_full_default_baseline_20260622_125744,hsa_full,kappa_0,0.24757691913077357,0.18427885399526928,-0.03924071823703064,0.5474474790341604
hsa_full_default_baseline_20260622_125744,hsa_full,delta,-0.0009645121901654174,0.0009532318497475304,-0.002309143664778376,0.000511656948244175
hsa_full_default_baseline_20260622_125744,hsa_full,theta_0,0.10090551818228528,0.17953359506409508,-0.1749177578254083,0.40862507672565257
hsa_full_default_baseline_20260622_125744,hsa_full,gamma,-0.0002556963812046744,0.0008574524550045054,-0.0017120268634425314,0.0011800777837351517
hsa_full_default_baseline_20260622_125744,hsa_full,phi_1,0.9162574007121542,0.028654083712475065,0.8724123795116379,0.9762617576762189
hsa_full_default_baseline_20260622_125744,hsa_full,rho_1,1.191203467174778,0.11279101286787234,1.0032212254267983,1.3881561003717557
hsa_full_default_baseline_20260622_125744,hsa_full,rho_2,-0.26894766287337213,0.11958707960579942,-0.47016126012532533,-0.06665601766816096
hsa_full_default_baseline_20260622_125744,hsa_full,n,-0.08992746388225126,0.058961135291794135,-0.1805939440583239,0.03685983818406963
hsa_full_default_baseline_20260622_125744,hsa_full,lambda_ez,-0.013258271786921908,0.12404483066502509,-0.19455349251806323,0.2723242997373283
hsa_full_default_baseline_20260622_130155,hsa_full,alpha,0.6623576043897899,0.05465698419048067,0.5625316885811991,0.7575000641226114
hsa_full_default_baseline_20260622_130155,hsa_full,kappa_0,0.24757691913077357,0.18427885399526928,-0.03924071823703064,0.5474474790341604
hsa_full_default_baseline_20260622_130155,hsa_full,delta,-0.0009645121901654174,0.0009532318497475304,-0.002309143664778376,0.000511656948244175
hsa_full_default_baseline_20260622_130155,hsa_full,theta_0,0.10090551818228528,0.17953359506409508,-0.1749177578254083,0.40862507672565257
hsa_full_default_baseline_20260622_130155,hsa_full,gamma,-0.0002556963812046744,0.0008574524550045054,-0.0017120268634425314,0.0011800777837351517
hsa_full_default_baseline_20260622_130155,hsa_full,phi_1,0.9162574007121542,0.028654083712475065,0.8724123795116379,0.9762617576762189
hsa_full_default_baseline_20260622_130155,hsa_full,rho_1,1.191203467174778,0.11279101286787234,1.0032212254267983,1.3881561003717557
hsa_full_default_baseline_20260622_130155,hsa_full,rho_2,-0.26894766287337213,0.11958707960579942,-0.47016126012532533,-0.06665601766816096
hsa_full_default_baseline_20260622_130155,hsa_full,n,-0.08992746388225126,0.058961135291794135,-0.1805939440583239,0.03685983818406963
hsa_full_default_baseline_20260622_130155,hsa_full,lambda_ez,-0.013258271786921908,0.12404483066502509,-0.19455349251806323,0.2723242997373283
hsa_full_inv_markup_baseline_20260622_131551,hsa_full,alpha,0.6169465072936586,0.0546343928834399,0.5257001108792959,0.7203329095911204
hsa_full_inv_markup_baseline_20260622_131551,hsa_full,kappa_0,0.09608962534626068,0.19337156109534165,-0.20902886044670915,0.40470202056618154
hsa_full_inv_markup_baseline_20260622_131551,hsa_full,delta,-0.00044363277601811284,0.0011564431463242375,-0.00276892296639254,0.001273702213602426
hsa_full_inv_markup_baseline_20260622_131551,hsa_full,theta_0,0.0669448088535474,0.20198092290565525,-0.2423283475026117,0.37116784594526275
hsa_full_inv_markup_baseline_20260622_131551,hsa_full,gamma,-0.00010199234044581608,0.0009563657254658133,-0.0015128166345197756,0.001518184233792792
hsa_full_inv_markup_baseline_20260622_131551,hsa_full,phi_1,0.6638736154293504,0.058332022609778524,0.5844663352987448,0.7841744651554746
hsa_full_inv_markup_baseline_20260622_131551,hsa_full,rho_1,1.1914078654866933,0.11301428122579334,1.0021617267154064,1.3878700336863194
hsa_full_inv_markup_baseline_20260622_131551,hsa_full,rho_2,-0.26949246371517543,0.11986169563303682,-0.469890135278074,-0.06632879500388644
hsa_full_inv_markup_baseline_20260622_131551,hsa_full,n,-0.08992796745195446,0.058997525826350636,-0.18053465778368016,0.037073895189507766
hsa_full_inv_markup_baseline_20260622_131551,hsa_full,lambda_ez,-0.0122070890554397,0.1928203382267919,-0.3013701090197076,0.2784925652674705
hsa_full_output_gap_bn_baseline_20260622_131737,hsa_full,alpha,0.6623576043897899,0.05465698419048067,0.5625316885811991,0.7575000641226114
hsa_full_output_gap_bn_baseline_20260622_131737,hsa_full,kappa_0,0.24757691913077357,0.18427885399526928,-0.03924071823703064,0.5474474790341604
hsa_full_output_gap_bn_baseline_20260622_131737,hsa_full,delta,-0.0009645121901654174,0.0009532318497475304,-0.002309143664778376,0.000511656948244175
hsa_full_output_gap_bn_baseline_20260622_131737,hsa_full,theta_0,0.10090551818228528,0.17953359506409508,-0.1749177578254083,0.40862507672565257
hsa_full_output_gap_bn_baseline_20260622_131737,hsa_full,gamma,-0.0002556963812046744,0.0008574524550045054,-0.0017120268634425314,0.0011800777837351517
hsa_full_output_gap_bn_baseline_20260622_131737,hsa_full,phi_1,0.9162574007121542,0.028654083712475065,0.8724123795116379,0.9762617576762189
hsa_full_output_gap_bn_baseline_20260622_131737,hsa_full,rho_1,1.191203467174778,0.11279101286787234,1.0032212254267983,1.3881561003717557
hsa_full_output_gap_bn_baseline_20260622_131737,hsa_full,rho_2,-0.26894766287337213,0.11958707960579942,-0.47016126012532533,-0.06665601766816096
hsa_full_output_gap_bn_baseline_20260622_131737,hsa_full,n,-0.08992746388225126,0.058961135291794135,-0.1805939440583239,0.03685983818406963
hsa_full_output_gap_bn_baseline_20260622_131737,hsa_full,lambda_ez,-0.013258271786921908,0.12404483066502509,-0.19455349251806323,0.2723242997373283
hsa_full_unemployment_gap_baseline_20260622_131742,hsa_full,alpha,0.6335274602773913,0.05565883350915519,0.5330468415131835,0.7436972583812025
hsa_full_unemployment_gap_baseline_20260622_131742,hsa_full,kappa_0,-0.05913043581908197,0.18449565979350152,-0.36977343276872343,0.217315249804289
hsa_full_unemployment_gap_baseline_20260622_131742,hsa_full,delta,0.0006010648016045043,0.0010080193576628576,-0.0008289493458037426,0.0026223536223891736
hsa_full_unemployment_gap_baseline_20260622_131742,hsa_full,theta_0,0.02607082454679254,0.23152276097008143,-0.3916898027300525,0.4343972117030207
hsa_full_unemployment_gap_baseline_20260622_131742,hsa_full,gamma,3.570729118751705e-05,0.001062584382623934,-0.0019388605236644687,0.001966097549418399
hsa_full_unemployment_gap_baseline_20260622_131742,hsa_full,phi_1,0.9502890430486433,0.024866172865208102,0.9148830457611364,1.001661173065256
hsa_full_unemployment_gap_baseline_20260622_131742,hsa_full,rho_1,1.193738608730428,0.11278634040674443,1.0049120086827714,1.3923673090859319
hsa_full_unemployment_gap_baseline_20260622_131742,hsa_full,rho_2,-0.2715396136045888,0.11948548388971351,-0.4718887449935376,-0.06848161854956332
hsa_full_unemployment_gap_baseline_20260622_131742,hsa_full,n,-0.0903444924940256,0.05894172617775202,-0.18099615318879908,0.03658696298225332
hsa_full_unemployment_gap_baseline_20260622_131742,hsa_full,lambda_ez,0.01942106919943571,0.11839019897912566,-0.1695931336595642,0.22027446263989456
hsa_steady_default_baseline_20260622_125741,hsa_steady,alpha,0.6551779808056757,0.06616741713025731,0.5340335575192884,0.7544827809186169
hsa_steady_default_baseline_20260622_125741,hsa_steady,kappa_0,0.1364361197042062,0.19599096802808716,-0.2434797849121711,0.4294515073711298
hsa_steady_default_baseline_20260622_125741,hsa_steady,delta,-0.0004144635393631503,0.000955063799117975,-0.0017417970200029195,0.0016271055068464348
hsa_steady_default_baseline_20260622_125741,hsa_steady,phi_1,0.9184303724722014,0.03126303909236539,0.8669232873738919,0.9739632988538164
hsa_steady_default_baseline_20260622_125741,hsa_steady,rho_1,1.802457607091473,0.05015762854883398,1.7002124528906268,1.893109316361288
hsa_steady_default_baseline_20260622_125741,hsa_steady,rho_2,-0.8061260424809141,0.05054834386140869,-0.899586080554971,-0.702759589716165
hsa_steady_default_baseline_20260622_125741,hsa_steady,n,-0.056693364184917536,0.07369620933668071,-0.19979146372772774,0.05878421737369246
hsa_steady_default_baseline_20260622_125741,hsa_steady,lambda_ez,0.0006547878023973289,0.095983549661666,-0.16140843181264816,0.1607722144248561
hsa_steady_default_baseline_20260622_125752,hsa_steady,alpha,0.6551779808056757,0.06616741713025731,0.5340335575192884,0.7544827809186169
hsa_steady_default_baseline_20260622_125752,hsa_steady,kappa_0,0.1364361197042062,0.19599096802808716,-0.2434797849121711,0.4294515073711298
hsa_steady_default_baseline_20260622_125752,hsa_steady,delta,-0.0004144635393631503,0.000955063799117975,-0.0017417970200029195,0.0016271055068464348
hsa_steady_default_baseline_20260622_125752,hsa_steady,phi_1,0.9184303724722014,0.03126303909236539,0.8669232873738919,0.9739632988538164
hsa_steady_default_baseline_20260622_125752,hsa_steady,rho_1,1.802457607091473,0.05015762854883398,1.7002124528906268,1.893109316361288
hsa_steady_default_baseline_20260622_125752,hsa_steady,rho_2,-0.8061260424809141,0.05054834386140869,-0.899586080554971,-0.702759589716165
hsa_steady_default_baseline_20260622_125752,hsa_steady,n,-0.056693364184917536,0.07369620933668071,-0.19979146372772774,0.05878421737369246
hsa_steady_default_baseline_20260622_125752,hsa_steady,lambda_ez,0.0006547878023973289,0.095983549661666,-0.16140843181264816,0.1607722144248561
hsa_steady_default_baseline_20260622_125759,hsa_steady,alpha,0.6551779808056757,0.06616741713025731,0.5340335575192884,0.7544827809186169
hsa_steady_default_baseline_20260622_125759,hsa_steady,kappa_0,0.1364361197042062,0.19599096802808716,-0.2434797849121711,0.4294515073711298
hsa_steady_default_baseline_20260622_125759,hsa_steady,delta,-0.0004144635393631503,0.000955063799117975,-0.0017417970200029195,0.0016271055068464348
hsa_steady_default_baseline_20260622_125759,hsa_steady,phi_1,0.9184303724722014,0.03126303909236539,0.8669232873738919,0.9739632988538164
hsa_steady_default_baseline_20260622_125759,hsa_steady,rho_1,1.802457607091473,0.05015762854883398,1.7002124528906268,1.893109316361288
hsa_steady_default_baseline_20260622_125759,hsa_steady,rho_2,-0.8061260424809141,0.05054834386140869,-0.899586080554971,-0.702759589716165
hsa_steady_default_baseline_20260622_125759,hsa_steady,n,-0.056693364184917536,0.07369620933668071,-0.19979146372772774,0.05878421737369246
hsa_steady_default_baseline_20260622_125759,hsa_steady,lambda_ez,0.0006547878023973289,0.095983549661666,-0.16140843181264816,0.1607722144248561
hsa_steady_default_baseline_20260622_125802,hsa_steady,alpha,0.7244922280671563,0.06647426254254357,0.6135151219477378,0.8497812715686577
hsa_steady_default_baseline_20260622_125802,hsa_steady,kappa_0,0.12027707963962726,0.18474806568003352,-0.15782081731388273,0.4916908089323074
hsa_steady_default_baseline_20260622_125802,hsa_steady,delta,-0.000314058739603513,0.0009603930543965143,-0.0022924458713477324,0.0012880657498902971
hsa_steady_default_baseline_20260622_125802,hsa_steady,phi_1,0.9047980381403928,0.03660720991915353,0.8423276280919559,0.9932182844210222
hsa_steady_default_baseline_20260622_125802,hsa_steady,rho_1,1.8143714534455306,0.05676558536310423,1.7048210686466083,1.8982585970690118
hsa_steady_default_baseline_20260622_125802,hsa_steady,rho_2,-0.8207090288561633,0.056387516070931606,-0.9049809893321163,-0.7100966408335415
hsa_steady_default_baseline_20260622_125802,hsa_steady,n,-0.03198614453436312,0.07272384733252463,-0.1677271613612245,0.10752366156578544
hsa_steady_default_baseline_20260622_125802,hsa_steady,lambda_ez,-0.12669006467218247,0.09289433281672681,-0.2921128196164812,0.0313277575642167
hsa_steady_default_baseline_20260622_125804,hsa_steady,alpha,0.6723893230640586,0.05856730026337212,0.5627769824767946,0.7488037630173111
hsa_steady_default_baseline_20260622_125804,hsa_steady,kappa_0,0.15725688537439114,0.17310362917535543,-0.10978956059614617,0.4860340253916581
hsa_steady_default_baseline_20260622_125804,hsa_steady,delta,-0.0005023227546704994,0.0009195032199607387,-0.0020306430248109146,0.0009152911222446506
hsa_steady_default_baseline_20260622_125804,hsa_steady,phi_1,0.909951607015213,0.03453743112604637,0.8335059281691106,0.9734228412630624
hsa_steady_default_baseline_20260622_125804,hsa_steady,rho_1,1.8280986899893938,0.048157109732888205,1.7353378115863447,1.8952886144489223
hsa_steady_default_baseline_20260622_125804,hsa_steady,rho_2,-0.8315914505877581,0.04762905259295088,-0.8976529363139989,-0.7398335407666589
hsa_steady_default_baseline_20260622_125804,hsa_steady,n,-0.0703482082449253,0.08099474887859742,-0.1879917383698766,0.09199897369406249
hsa_steady_default_baseline_20260622_125804,hsa_steady,lambda_ez,-0.027562608878520366,0.14210845738394978,-0.26035336436407597,0.2440921677450703
hsa_steady_default_baseline_20260622_125806,hsa_steady,alpha,0.6422153132559659,0.07346943360865629,0.5231116858016883,0.7773474659154085
hsa_steady_default_baseline_20260622_125806,hsa_steady,kappa_0,0.09714276859525117,0.210685751930449,-0.2810198731516633,0.46118396940755807
hsa_steady_default_baseline_20260622_125806,hsa_steady,delta,-9.024833681663866e-05,0.0010882011104829399,-0.0020919417723537343,0.0016743139957633708
hsa_steady_default_baseline_20260622_125806,hsa_steady,phi_1,0.9119971557017188,0.041719987320953555,0.8486163531384857,0.9824465303151413
hsa_steady_default_baseline_20260622_125806,hsa_steady,rho_1,1.743894297997377,0.0682036447475815,1.6355537802926958,1.867331566676552
hsa_steady_default_baseline_20260622_125806,hsa_steady,rho_2,-0.7483313521301962,0.06883075589648006,-0.8745836930966376,-0.6377403626865954
hsa_steady_default_baseline_20260622_125806,hsa_steady,n,-0.21221648721632205,0.08923262796566386,-0.36464942819718155,-0.0032918266275308934
hsa_steady_default_baseline_20260622_125806,hsa_steady,lambda_ez,0.006778447941671525,0.14893494042162525,-0.24336865707969077,0.24948757325649562
hsa_steady_default_baseline_20260622_125808,hsa_steady,alpha,0.6813262762165628,0.05643833410759137,0.5703495444357318,0.7658617029782009
hsa_steady_default_baseline_20260622_125808,hsa_steady,kappa_0,0.10987415572798957,0.1758482567576315,-0.14492664051273044,0.47369780492230645
hsa_steady_default_baseline_20260622_125808,hsa_steady,delta,-0.0002508399337862207,0.0009052114351830174,-0.0021950011658224754,0.001211614089592767
hsa_steady_default_baseline_20260622_125808,hsa_steady,phi_1,0.917184240679315,0.035076762570136505,0.87149269042451,0.9723299761506143
hsa_steady_default_baseline_20260622_125808,hsa_steady,rho_1,1.8077151410716674,0.0349011249102467,1.7401151517803424,1.866042361324861
hsa_steady_default_baseline_20260622_125808,hsa_steady,rho_2,-0.8117457842694595,0.034697002317829004,-0.8693631729953334,-0.7418643655389016
hsa_steady_default_baseline_20260622_125808,hsa_steady,n,-0.02977754867356349,0.08247961270200516,-0.14817851366437587,0.14702429497401828
hsa_steady_default_baseline_20260622_125808,hsa_steady,lambda_ez,0.00495307464258111,0.10992471653469821,-0.24487729574974185,0.1387926467231186
hsa_steady_default_baseline_20260622_130151,hsa_steady,alpha,0.6551779808056757,0.06616741713025731,0.5340335575192884,0.7544827809186169
hsa_steady_default_baseline_20260622_130151,hsa_steady,kappa_0,0.1364361197042062,0.19599096802808716,-0.2434797849121711,0.4294515073711298
hsa_steady_default_baseline_20260622_130151,hsa_steady,delta,-0.0004144635393631503,0.000955063799117975,-0.0017417970200029195,0.0016271055068464348
hsa_steady_default_baseline_20260622_130151,hsa_steady,phi_1,0.9184303724722014,0.03126303909236539,0.8669232873738919,0.9739632988538164
hsa_steady_default_baseline_20260622_130151,hsa_steady,rho_1,1.802457607091473,0.05015762854883398,1.7002124528906268,1.893109316361288
hsa_steady_default_baseline_20260622_130151,hsa_steady,rho_2,-0.8061260424809141,0.05054834386140869,-0.899586080554971,-0.702759589716165
hsa_steady_default_baseline_20260622_130151,hsa_steady,n,-0.056693364184917536,0.07369620933668071,-0.19979146372772774,0.05878421737369246
hsa_steady_default_baseline_20260622_130151,hsa_steady,lambda_ez,0.0006547878023973289,0.095983549661666,-0.16140843181264816,0.1607722144248561
hsa_steady_default_baseline_20260622_130219,hsa_steady,alpha,0.6551779808056757,0.06616741713025731,0.5340335575192884,0.7544827809186169
hsa_steady_default_baseline_20260622_130219,hsa_steady,kappa_0,0.1364361197042062,0.19599096802808716,-0.2434797849121711,0.4294515073711298
hsa_steady_default_baseline_20260622_130219,hsa_steady,delta,-0.0004144635393631503,0.000955063799117975,-0.0017417970200029195,0.0016271055068464348
hsa_steady_default_baseline_20260622_130219,hsa_steady,phi_1,0.9184303724722014,0.03126303909236539,0.8669232873738919,0.9739632988538164
hsa_steady_default_baseline_20260622_130219,hsa_steady,rho_1,1.802457607091473,0.05015762854883398,1.7002124528906268,1.893109316361288
hsa_steady_default_baseline_20260622_130219,hsa_steady,rho_2,-0.8061260424809141,0.05054834386140869,-0.899586080554971,-0.702759589716165
hsa_steady_default_baseline_20260622_130219,hsa_steady,n,-0.056693364184917536,0.07369620933668071,-0.19979146372772774,0.05878421737369246
hsa_steady_default_baseline_20260622_130219,hsa_steady,lambda_ez,0.0006547878023973289,0.095983549661666,-0.16140843181264816,0.1607722144248561
hsa_steady_default_baseline_20260622_130228,hsa_steady,alpha,0.6551779808056757,0.06616741713025731,0.5340335575192884,0.7544827809186169
hsa_steady_default_baseline_20260622_130228,hsa_steady,kappa_0,0.1364361197042062,0.19599096802808716,-0.2434797849121711,0.4294515073711298
hsa_steady_default_baseline_20260622_130228,hsa_steady,delta,-0.0004144635393631503,0.000955063799117975,-0.0017417970200029195,0.0016271055068464348
hsa_steady_default_baseline_20260622_130228,hsa_steady,phi_1,0.9184303724722014,0.03126303909236539,0.8669232873738919,0.9739632988538164
hsa_steady_default_baseline_20260622_130228,hsa_steady,rho_1,1.802457607091473,0.05015762854883398,1.7002124528906268,1.893109316361288
hsa_steady_default_baseline_20260622_130228,hsa_steady,rho_2,-0.8061260424809141,0.05054834386140869,-0.899586080554971,-0.702759589716165
hsa_steady_default_baseline_20260622_130228,hsa_steady,n,-0.056693364184917536,0.07369620933668071,-0.19979146372772774,0.05878421737369246
hsa_steady_default_baseline_20260622_130228,hsa_steady,lambda_ez,0.0006547878023973289,0.095983549661666,-0.16140843181264816,0.1607722144248561
hsa_steady_default_baseline_20260622_130231,hsa_steady,alpha,0.7244922280671563,0.06647426254254357,0.6135151219477378,0.8497812715686577
hsa_steady_default_baseline_20260622_130231,hsa_steady,kappa_0,0.12027707963962726,0.18474806568003352,-0.15782081731388273,0.4916908089323074
hsa_steady_default_baseline_20260622_130231,hsa_steady,delta,-0.000314058739603513,0.0009603930543965143,-0.0022924458713477324,0.0012880657498902971
hsa_steady_default_baseline_20260622_130231,hsa_steady,phi_1,0.9047980381403928,0.03660720991915353,0.8423276280919559,0.9932182844210222
hsa_steady_default_baseline_20260622_130231,hsa_steady,rho_1,1.8143714534455306,0.05676558536310423,1.7048210686466083,1.8982585970690118
hsa_steady_default_baseline_20260622_130231,hsa_steady,rho_2,-0.8207090288561633,0.056387516070931606,-0.9049809893321163,-0.7100966408335415
hsa_steady_default_baseline_20260622_130231,hsa_steady,n,-0.03198614453436312,0.07272384733252463,-0.1677271613612245,0.10752366156578544
hsa_steady_default_baseline_20260622_130231,hsa_steady,lambda_ez,-0.12669006467218247,0.09289433281672681,-0.2921128196164812,0.0313277575642167
hsa_steady_default_baseline_20260622_130233,hsa_steady,alpha,0.6723893230640586,0.05856730026337212,0.5627769824767946,0.7488037630173111
hsa_steady_default_baseline_20260622_130233,hsa_steady,kappa_0,0.15725688537439114,0.17310362917535543,-0.10978956059614617,0.4860340253916581
hsa_steady_default_baseline_20260622_130233,hsa_steady,delta,-0.0005023227546704994,0.0009195032199607387,-0.0020306430248109146,0.0009152911222446506
hsa_steady_default_baseline_20260622_130233,hsa_steady,phi_1,0.909951607015213,0.03453743112604637,0.8335059281691106,0.9734228412630624
hsa_steady_default_baseline_20260622_130233,hsa_steady,rho_1,1.8280986899893938,0.048157109732888205,1.7353378115863447,1.8952886144489223
hsa_steady_default_baseline_20260622_130233,hsa_steady,rho_2,-0.8315914505877581,0.04762905259295088,-0.8976529363139989,-0.7398335407666589
hsa_steady_default_baseline_20260622_130233,hsa_steady,n,-0.0703482082449253,0.08099474887859742,-0.1879917383698766,0.09199897369406249
hsa_steady_default_baseline_20260622_130233,hsa_steady,lambda_ez,-0.027562608878520366,0.14210845738394978,-0.26035336436407597,0.2440921677450703
hsa_steady_default_baseline_20260622_130235,hsa_steady,alpha,0.6422153132559659,0.07346943360865629,0.5231116858016883,0.7773474659154085
hsa_steady_default_baseline_20260622_130235,hsa_steady,kappa_0,0.09714276859525117,0.210685751930449,-0.2810198731516633,0.46118396940755807
hsa_steady_default_baseline_20260622_130235,hsa_steady,delta,-9.024833681663866e-05,0.0010882011104829399,-0.0020919417723537343,0.0016743139957633708
hsa_steady_default_baseline_20260622_130235,hsa_steady,phi_1,0.9119971557017188,0.041719987320953555,0.8486163531384857,0.9824465303151413
hsa_steady_default_baseline_20260622_130235,hsa_steady,rho_1,1.743894297997377,0.0682036447475815,1.6355537802926958,1.867331566676552
hsa_steady_default_baseline_20260622_130235,hsa_steady,rho_2,-0.7483313521301962,0.06883075589648006,-0.8745836930966376,-0.6377403626865954
hsa_steady_default_baseline_20260622_130235,hsa_steady,n,-0.21221648721632205,0.08923262796566386,-0.36464942819718155,-0.0032918266275308934
hsa_steady_default_baseline_20260622_130235,hsa_steady,lambda_ez,0.006778447941671525,0.14893494042162525,-0.24336865707969077,0.24948757325649562
hsa_steady_default_baseline_20260622_130236,hsa_steady,alpha,0.6813262762165628,0.05643833410759137,0.5703495444357318,0.7658617029782009
hsa_steady_default_baseline_20260622_130236,hsa_steady,kappa_0,0.10987415572798957,0.1758482567576315,-0.14492664051273044,0.47369780492230645
hsa_steady_default_baseline_20260622_130236,hsa_steady,delta,-0.0002508399337862207,0.0009052114351830174,-0.0021950011658224754,0.001211614089592767
hsa_steady_default_baseline_20260622_130236,hsa_steady,phi_1,0.917184240679315,0.035076762570136505,0.87149269042451,0.9723299761506143
hsa_steady_default_baseline_20260622_130236,hsa_steady,rho_1,1.8077151410716674,0.0349011249102467,1.7401151517803424,1.866042361324861
hsa_steady_default_baseline_20260622_130236,hsa_steady,rho_2,-0.8117457842694595,0.034697002317829004,-0.8693631729953334,-0.7418643655389016
hsa_steady_default_baseline_20260622_130236,hsa_steady,n,-0.02977754867356349,0.08247961270200516,-0.14817851366437587,0.14702429497401828
hsa_steady_default_baseline_20260622_130236,hsa_steady,lambda_ez,0.00495307464258111,0.10992471653469821,-0.24487729574974185,0.1387926467231186
hsa_steady_default_tight_20260622_125756,hsa_steady,alpha,0.635411577410317,0.06439075117275643,0.5449079823622188,0.773801558735725
hsa_steady_default_tight_20260622_125756,hsa_steady,kappa_0,0.13855283238680402,0.10668583728778301,-0.09292488195267955,0.3230335042771998
hsa_steady_default_tight_20260622_125756,hsa_steady,delta,-0.0005235499789184595,0.0006820412884710625,-0.0019740789096760456,0.000895763162148828
hsa_steady_default_tight_20260622_125756,hsa_steady,phi_1,0.8994879145793678,0.02819208648607538,0.8447456467480402,0.9391532191693369
hsa_steady_default_tight_20260622_125756,hsa_steady,rho_1,0.5634895993823372,0.1054155674660811,0.3514906620122842,0.7331365877716233
hsa_steady_default_tight_20260622_125756,hsa_steady,rho_2,-0.3715953030297884,0.11394509992867247,-0.5633954040632169,-0.16177478270960427
hsa_steady_default_tight_20260622_125756,hsa_steady,n,-0.019664403028532465,0.0443818366389172,-0.09689983052730139,0.05496098340032216
hsa_steady_default_tight_20260622_125756,hsa_steady,lambda_ez,-0.00938676218062186,0.10355769238340812,-0.20542251356642358,0.11698572951114176
hsa_steady_default_tight_20260622_130224,hsa_steady,alpha,0.635411577410317,0.06439075117275643,0.5449079823622188,0.773801558735725
hsa_steady_default_tight_20260622_130224,hsa_steady,kappa_0,0.13855283238680402,0.10668583728778301,-0.09292488195267955,0.3230335042771998
hsa_steady_default_tight_20260622_130224,hsa_steady,delta,-0.0005235499789184595,0.0006820412884710625,-0.0019740789096760456,0.000895763162148828
hsa_steady_default_tight_20260622_130224,hsa_steady,phi_1,0.8994879145793678,0.02819208648607538,0.8447456467480402,0.9391532191693369
hsa_steady_default_tight_20260622_130224,hsa_steady,rho_1,0.5634895993823372,0.1054155674660811,0.3514906620122842,0.7331365877716233
hsa_steady_default_tight_20260622_130224,hsa_steady,rho_2,-0.3715953030297884,0.11394509992867247,-0.5633954040632169,-0.16177478270960427
hsa_steady_default_tight_20260622_130224,hsa_steady,n,-0.019664403028532465,0.0443818366389172,-0.09689983052730139,0.05496098340032216
hsa_steady_default_tight_20260622_130224,hsa_steady,lambda_ez,-0.00938676218062186,0.10355769238340812,-0.20542251356642358,0.11698572951114176
hsa_steady_default_weak_20260622_125755,hsa_steady,alpha,0.6744368954789841,0.06031090759918985,0.5566625839515402,0.7893369170069344
hsa_steady_default_weak_20260622_125755,hsa_steady,kappa_0,0.3115006383168318,0.4374487262903605,-0.3882988896694281,1.070057990556687
hsa_steady_default_weak_20260622_125755,hsa_steady,delta,-0.0013103198917123527,0.0022639528792097107,-0.00539728489263916,0.002778227433574813
hsa_steady_default_weak_20260622_125755,hsa_steady,phi_1,0.9200997294011316,0.031539417417572754,0.8757469474790652,0.9852056313075715
hsa_steady_default_weak_20260622_125755,hsa_steady,rho_1,1.9130527833433564,0.038224382128188975,1.8480722806623646,1.9768425432169359
hsa_steady_default_weak_20260622_125755,hsa_steady,rho_2,-0.9171759504667806,0.03851864873299013,-0.9796041715664023,-0.8540454449517723
hsa_steady_default_weak_20260622_125755,hsa_steady,n,-0.15242229916395544,0.10283376367493814,-0.33658713972442195,0.007169289485479211
hsa_steady_default_weak_20260622_125755,hsa_steady,lambda_ez,0.008756495449063132,0.08637738961704604,-0.13026059900178152,0.19751408230569895
hsa_steady_default_weak_20260622_130222,hsa_steady,alpha,0.6744368954789841,0.06031090759918985,0.5566625839515402,0.7893369170069344
hsa_steady_default_weak_20260622_130222,hsa_steady,kappa_0,0.3115006383168318,0.4374487262903605,-0.3882988896694281,1.070057990556687
hsa_steady_default_weak_20260622_130222,hsa_steady,delta,-0.0013103198917123527,0.0022639528792097107,-0.00539728489263916,0.002778227433574813
hsa_steady_default_weak_20260622_130222,hsa_steady,phi_1,0.9200997294011316,0.031539417417572754,0.8757469474790652,0.9852056313075715
hsa_steady_default_weak_20260622_130222,hsa_steady,rho_1,1.9130527833433564,0.038224382128188975,1.8480722806623646,1.9768425432169359
hsa_steady_default_weak_20260622_130222,hsa_steady,rho_2,-0.9171759504667806,0.03851864873299013,-0.9796041715664023,-0.8540454449517723
hsa_steady_default_weak_20260622_130222,hsa_steady,n,-0.15242229916395544,0.10283376367493814,-0.33658713972442195,0.007169289485479211
hsa_steady_default_weak_20260622_130222,hsa_steady,lambda_ez,0.008756495449063132,0.08637738961704604,-0.13026059900178152,0.19751408230569895
hsa_steady_inv_markup_baseline_20260622_131547,hsa_steady,alpha,0.6483783339178263,0.06367915735431894,0.5539324645648191,0.775870497553544
hsa_steady_inv_markup_baseline_20260622_131547,hsa_steady,kappa_0,0.10081138637389486,0.19009991705887835,-0.18776888829710445,0.4623127137714925
hsa_steady_inv_markup_baseline_20260622_131547,hsa_steady,delta,-0.0006403515829263024,0.001240625862409202,-0.0027943633081006173,0.0021221124318341928
hsa_steady_inv_markup_baseline_20260622_131547,hsa_steady,phi_1,0.6665202229742796,0.05987855184027429,0.5611739716541372,0.7779936539605937
hsa_steady_inv_markup_baseline_20260622_131547,hsa_steady,rho_1,1.8053910400287911,0.05174801362290162,1.7062475459420927,1.8952959023380422
hsa_steady_inv_markup_baseline_20260622_131547,hsa_steady,rho_2,-0.8090344458140752,0.051650832621220506,-0.8973019211179365,-0.7094560356172313
hsa_steady_inv_markup_baseline_20260622_131547,hsa_steady,n,-0.05384139980456622,0.07128183811978628,-0.19010354775120605,0.05044190678830736
hsa_steady_inv_markup_baseline_20260622_131547,hsa_steady,lambda_ez,0.01969650300487244,0.15376205037623167,-0.18378931170406884,0.32565427753091214
hsa_steady_inv_markup_baseline_20260622_132032,hsa_steady,alpha,0.6483783339178263,0.06367915735431894,0.5539324645648191,0.775870497553544
hsa_steady_inv_markup_baseline_20260622_132032,hsa_steady,kappa_0,0.10081138637389486,0.19009991705887835,-0.18776888829710445,0.4623127137714925
hsa_steady_inv_markup_baseline_20260622_132032,hsa_steady,delta,-0.0006403515829263024,0.001240625862409202,-0.0027943633081006173,0.0021221124318341928
hsa_steady_inv_markup_baseline_20260622_132032,hsa_steady,phi_1,0.6665202229742796,0.05987855184027429,0.5611739716541372,0.7779936539605937
hsa_steady_inv_markup_baseline_20260622_132032,hsa_steady,rho_1,1.8053910400287911,0.05174801362290162,1.7062475459420927,1.8952959023380422
hsa_steady_inv_markup_baseline_20260622_132032,hsa_steady,rho_2,-0.8090344458140752,0.051650832621220506,-0.8973019211179365,-0.7094560356172313
hsa_steady_inv_markup_baseline_20260622_132032,hsa_steady,n,-0.05384139980456622,0.07128183811978628,-0.19010354775120605,0.05044190678830736
hsa_steady_inv_markup_baseline_20260622_132032,hsa_steady,lambda_ez,0.01969650300487244,0.15376205037623167,-0.18378931170406884,0.32565427753091214
hsa_steady_inv_markup_end_2019_baseline_20260622_132122,hsa_steady,alpha,0.6458679445296567,0.05587354261120817,0.55079598764623,0.7260746768823152
hsa_steady_inv_markup_end_2019_baseline_20260622_132122,hsa_steady,kappa_0,0.12764612779403609,0.20695396484061532,-0.2431556686542877,0.5406038583361978
hsa_steady_inv_markup_end_2019_baseline_20260622_132122,hsa_steady,delta,-0.0009282100191836471,0.0013055370697566183,-0.0035978599003087166,0.0015844307988492515
hsa_steady_inv_markup_end_2019_baseline_20260622_132122,hsa_steady,phi_1,0.6640710657573872,0.08215707423049086,0.4757155099680436,0.8139628666893041
hsa_steady_inv_markup_end_2019_baseline_20260622_132122,hsa_steady,rho_1,1.8066218951997512,0.04342038659512988,1.7403705935522833,1.8712056037428715
hsa_steady_inv_markup_end_2019_baseline_20260622_132122,hsa_steady,rho_2,-0.8106873737788686,0.04306012958518097,-0.8763457216020895,-0.7472352176384081
hsa_steady_inv_markup_end_2019_baseline_20260622_132122,hsa_steady,n,-0.048005519688177636,0.058175518545411364,-0.1525196634917804,0.04829647492657805
hsa_steady_inv_markup_end_2019_baseline_20260622_132122,hsa_steady,lambda_ez,0.02712960024593273,0.179798462400678,-0.2704870733512819,0.30408289242510483
hsa_steady_inv_markup_exclude_covid_baseline_20260622_132118,hsa_steady,alpha,0.6346681176933062,0.05593142286928966,0.5496504996546335,0.7330970650835205
hsa_steady_inv_markup_exclude_covid_baseline_20260622_132118,hsa_steady,kappa_0,0.08666533790088037,0.20556722661034557,-0.2232588779013405,0.557733887034368
hsa_steady_inv_markup_exclude_covid_baseline_20260622_132118,hsa_steady,delta,-0.00034240910675179556,0.0012193632801988468,-0.003006381021569454,0.0017467085441750828
hsa_steady_inv_markup_exclude_covid_baseline_20260622_132118,hsa_steady,phi_1,0.662694767207545,0.07003111918845187,0.5445971878302327,0.7830784948724576
hsa_steady_inv_markup_exclude_covid_baseline_20260622_132118,hsa_steady,rho_1,1.830544477024377,0.04956612033522342,1.731177625964188,1.9221325075003417
hsa_steady_inv_markup_exclude_covid_baseline_20260622_132118,hsa_steady,rho_2,-0.8334067219715898,0.049280638030427135,-0.9281043902452542,-0.735500252528238
hsa_steady_inv_markup_exclude_covid_baseline_20260622_132118,hsa_steady,n,0.012583848538909084,0.10596765016394413,-0.14672730203605863,0.20075518297457182
hsa_steady_inv_markup_exclude_covid_baseline_20260622_132118,hsa_steady,lambda_ez,-0.0630065494382306,0.18198721449968971,-0.3600492414327892,0.384265523251227
hsa_steady_inv_markup_full_baseline_20260622_132113,hsa_steady,alpha,0.6483783339178263,0.06367915735431894,0.5539324645648191,0.775870497553544
hsa_steady_inv_markup_full_baseline_20260622_132113,hsa_steady,kappa_0,0.10081138637389486,0.19009991705887835,-0.18776888829710445,0.4623127137714925
hsa_steady_inv_markup_full_baseline_20260622_132113,hsa_steady,delta,-0.0006403515829263024,0.001240625862409202,-0.0027943633081006173,0.0021221124318341928
hsa_steady_inv_markup_full_baseline_20260622_132113,hsa_steady,phi_1,0.6665202229742796,0.05987855184027429,0.5611739716541372,0.7779936539605937
hsa_steady_inv_markup_full_baseline_20260622_132113,hsa_steady,rho_1,1.8053910400287911,0.05174801362290162,1.7062475459420927,1.8952959023380422
hsa_steady_inv_markup_full_baseline_20260622_132113,hsa_steady,rho_2,-0.8090344458140752,0.051650832621220506,-0.8973019211179365,-0.7094560356172313
hsa_steady_inv_markup_full_baseline_20260622_132113,hsa_steady,n,-0.05384139980456622,0.07128183811978628,-0.19010354775120605,0.05044190678830736
hsa_steady_inv_markup_full_baseline_20260622_132113,hsa_steady,lambda_ez,0.01969650300487244,0.15376205037623167,-0.18378931170406884,0.32565427753091214
hsa_steady_inv_markup_post_2008_baseline_20260622_132118,hsa_steady,alpha,0.5684321764493434,0.12343984553908839,0.3717842839490898,0.7974808128381575
hsa_steady_inv_markup_post_2008_baseline_20260622_132118,hsa_steady,kappa_0,0.1288169009360057,0.2524852696524929,-0.27467641593408115,0.6143257858286332
hsa_steady_inv_markup_post_2008_baseline_20260622_132118,hsa_steady,delta,0.0014688569466491952,0.002689081793889151,-0.003577613831832212,0.006471593734945368
hsa_steady_inv_markup_post_2008_baseline_20260622_132118,hsa_steady,phi_1,0.6432268847344093,0.14007750645543274,0.42113535713084765,0.8854290389750749
hsa_steady_inv_markup_post_2008_baseline_20260622_132118,hsa_steady,rho_1,0.5140187054648565,0.17791741077841858,0.24667231528319652,0.8122250983107847
hsa_steady_inv_markup_post_2008_baseline_20260622_132118,hsa_steady,rho_2,-0.4526540982967956,0.13079175573751112,-0.7151951074708089,-0.19732868165464684
hsa_steady_inv_markup_post_2008_baseline_20260622_132118,hsa_steady,n,-0.07129005099400973,0.0946564645989531,-0.21823885532761028,0.17795540195433684
hsa_steady_inv_markup_post_2008_baseline_20260622_132118,hsa_steady,lambda_ez,-0.14648493858217143,0.3814724946927354,-0.8253020353277931,0.5268386670269635
hsa_steady_inv_markup_pre_2008_baseline_20260622_132117,hsa_steady,alpha,0.6797784549221835,0.04844513001759272,0.5697218799551305,0.7438804631733187
hsa_steady_inv_markup_pre_2008_baseline_20260622_132117,hsa_steady,kappa_0,0.1268475601475673,0.23770374133052324,-0.2639111340757632,0.5785483176747774
hsa_steady_inv_markup_pre_2008_baseline_20260622_132117,hsa_steady,delta,-0.0009857857779353143,0.001250235439371183,-0.0031475035851668914,0.0008812568115415431
hsa_steady_inv_markup_pre_2008_baseline_20260622_132117,hsa_steady,phi_1,0.7063793007696261,0.0587439036144972,0.6133475541330513,0.7921089978740848
hsa_steady_inv_markup_pre_2008_baseline_20260622_132117,hsa_steady,rho_1,1.8105870200368386,0.052705676126308026,1.7018595460285133,1.8909151719423805
hsa_steady_inv_markup_pre_2008_baseline_20260622_132117,hsa_steady,rho_2,-0.8155330888784782,0.05294821893968053,-0.8938093216568249,-0.7070493924087561
hsa_steady_inv_markup_pre_2008_baseline_20260622_132117,hsa_steady,n,0.011022219882754382,0.08495759878732002,-0.14857545461590413,0.13705409543884894
hsa_steady_inv_markup_pre_2008_baseline_20260622_132117,hsa_steady,lambda_ez,0.07252281076220046,0.1608886068961977,-0.21947117905296157,0.349222631669122
hsa_steady_inv_markup_start_1988_baseline_20260622_132120,hsa_steady,alpha,0.6193593236612372,0.053643148607818006,0.5223051474463516,0.7149562960065485
hsa_steady_inv_markup_start_1988_baseline_20260622_132120,hsa_steady,kappa_0,0.06917254584301394,0.2008756036669785,-0.2708648761938108,0.41218643881756034
hsa_steady_inv_markup_start_1988_baseline_20260622_132120,hsa_steady,delta,-0.0004508381317025404,0.0011876129026792183,-0.0024269764393627163,0.0016222472252996006
hsa_steady_inv_markup_start_1988_baseline_20260622_132120,hsa_steady,phi_1,0.6148491502451224,0.06917262058058911,0.4965687672049229,0.7275209318806677
hsa_steady_inv_markup_start_1988_baseline_20260622_132120,hsa_steady,rho_1,1.7390796906647616,0.08393742552752116,1.593238243340107,1.8598537008814464
hsa_steady_inv_markup_start_1988_baseline_20260622_132120,hsa_steady,rho_2,-0.7429090872237969,0.08329971481613571,-0.8634147944770035,-0.5938351615292761
hsa_steady_inv_markup_start_1988_baseline_20260622_132120,hsa_steady,n,-0.19426422621258904,0.08105649746722422,-0.36386911470414685,-0.0754953696851081
hsa_steady_inv_markup_start_1988_baseline_20260622_132120,hsa_steady,lambda_ez,0.021783419088423416,0.23201756965341144,-0.3710458277389967,0.43152221514288913
hsa_steady_inv_markup_tight_20260622_132037,hsa_steady,alpha,0.6124335878747832,0.05680058849121878,0.5147065743258562,0.7208096915773166
hsa_steady_inv_markup_tight_20260622_132037,hsa_steady,kappa_0,0.09957450694529173,0.10819524668512036,-0.13443734645212546,0.28680247585026863
hsa_steady_inv_markup_tight_20260622_132037,hsa_steady,delta,-0.0008008893854885249,0.0008290080122846246,-0.0022578551335782314,0.0004517570347228602
hsa_steady_inv_markup_tight_20260622_132037,hsa_steady,phi_1,0.6742291571098908,0.05437679571748093,0.5697744588476646,0.7499985011238642
hsa_steady_inv_markup_tight_20260622_132037,hsa_steady,rho_1,0.5520621533918153,0.08039216033270354,0.3923839099950359,0.6862821000090529
hsa_steady_inv_markup_tight_20260622_132037,hsa_steady,rho_2,-0.3597097774960396,0.1083467694138192,-0.5528136863728388,-0.12441597264729101
hsa_steady_inv_markup_tight_20260622_132037,hsa_steady,n,-0.019306237511645778,0.04472088609863857,-0.09847767999056048,0.05667901386273906
hsa_steady_inv_markup_tight_20260622_132037,hsa_steady,lambda_ez,0.03147626531604782,0.1392341141769384,-0.2849012352861209,0.21505404601166303
hsa_steady_inv_markup_weak_20260622_132035,hsa_steady,alpha,0.6458009291074946,0.0558658641600922,0.5431699858574964,0.7533646134887291
hsa_steady_inv_markup_weak_20260622_132035,hsa_steady,kappa_0,0.2063437157982572,0.5645571167309351,-0.7736274428606137,1.3391613994257139
hsa_steady_inv_markup_weak_20260622_132035,hsa_steady,delta,-0.0009140924760117471,0.002924976379178118,-0.006598222900901659,0.004077090282612756
hsa_steady_inv_markup_weak_20260622_132035,hsa_steady,phi_1,0.6587462900347132,0.06614575243566262,0.547669467595036,0.7848662789005768
hsa_steady_inv_markup_weak_20260622_132035,hsa_steady,rho_1,1.9068555561890776,0.0397252512328384,1.832773713177907,1.9712890823573925
hsa_steady_inv_markup_weak_20260622_132035,hsa_steady,rho_2,-0.9096140321678667,0.039426913604143965,-0.9730051593600154,-0.8367018236592008
hsa_steady_inv_markup_weak_20260622_132035,hsa_steady,n,-0.19619762974982088,0.0957905310662256,-0.34448484319513917,-0.015603896700009869
hsa_steady_inv_markup_weak_20260622_132035,hsa_steady,lambda_ez,-0.034945443968026936,0.23428163458774534,-0.5063549974605845,0.3567242877386732
hsa_steady_output_gap_bn_baseline_20260622_131733,hsa_steady,alpha,0.6551779808056757,0.06616741713025731,0.5340335575192884,0.7544827809186169
hsa_steady_output_gap_bn_baseline_20260622_131733,hsa_steady,kappa_0,0.1364361197042062,0.19599096802808716,-0.2434797849121711,0.4294515073711298
hsa_steady_output_gap_bn_baseline_20260622_131733,hsa_steady,delta,-0.0004144635393631503,0.000955063799117975,-0.0017417970200029195,0.0016271055068464348
hsa_steady_output_gap_bn_baseline_20260622_131733,hsa_steady,phi_1,0.9184303724722014,0.03126303909236539,0.8669232873738919,0.9739632988538164
hsa_steady_output_gap_bn_baseline_20260622_131733,hsa_steady,rho_1,1.802457607091473,0.05015762854883398,1.7002124528906268,1.893109316361288
hsa_steady_output_gap_bn_baseline_20260622_131733,hsa_steady,rho_2,-0.8061260424809141,0.05054834386140869,-0.899586080554971,-0.702759589716165
hsa_steady_output_gap_bn_baseline_20260622_131733,hsa_steady,n,-0.056693364184917536,0.07369620933668071,-0.19979146372772774,0.05878421737369246
hsa_steady_output_gap_bn_baseline_20260622_131733,hsa_steady,lambda_ez,0.0006547878023973289,0.095983549661666,-0.16140843181264816,0.1607722144248561
hsa_steady_output_gap_bn_baseline_20260622_132042,hsa_steady,alpha,0.6551779808056757,0.06616741713025731,0.5340335575192884,0.7544827809186169
hsa_steady_output_gap_bn_baseline_20260622_132042,hsa_steady,kappa_0,0.1364361197042062,0.19599096802808716,-0.2434797849121711,0.4294515073711298
hsa_steady_output_gap_bn_baseline_20260622_132042,hsa_steady,delta,-0.0004144635393631503,0.000955063799117975,-0.0017417970200029195,0.0016271055068464348
hsa_steady_output_gap_bn_baseline_20260622_132042,hsa_steady,phi_1,0.9184303724722014,0.03126303909236539,0.8669232873738919,0.9739632988538164
hsa_steady_output_gap_bn_baseline_20260622_132042,hsa_steady,rho_1,1.802457607091473,0.05015762854883398,1.7002124528906268,1.893109316361288
hsa_steady_output_gap_bn_baseline_20260622_132042,hsa_steady,rho_2,-0.8061260424809141,0.05054834386140869,-0.899586080554971,-0.702759589716165
hsa_steady_output_gap_bn_baseline_20260622_132042,hsa_steady,n,-0.056693364184917536,0.07369620933668071,-0.19979146372772774,0.05878421737369246
hsa_steady_output_gap_bn_baseline_20260622_132042,hsa_steady,lambda_ez,0.0006547878023973289,0.095983549661666,-0.16140843181264816,0.1607722144248561
hsa_steady_output_gap_bn_end_2019_baseline_20260622_132131,hsa_steady,alpha,0.6813262762165628,0.05643833410759137,0.5703495444357318,0.7658617029782009
hsa_steady_output_gap_bn_end_2019_baseline_20260622_132131,hsa_steady,kappa_0,0.10987415572798957,0.1758482567576315,-0.14492664051273044,0.47369780492230645
hsa_steady_output_gap_bn_end_2019_baseline_20260622_132131,hsa_steady,delta,-0.0002508399337862207,0.0009052114351830174,-0.0021950011658224754,0.001211614089592767
hsa_steady_output_gap_bn_end_2019_baseline_20260622_132131,hsa_steady,phi_1,0.917184240679315,0.035076762570136505,0.87149269042451,0.9723299761506143
hsa_steady_output_gap_bn_end_2019_baseline_20260622_132131,hsa_steady,rho_1,1.8077151410716674,0.0349011249102467,1.7401151517803424,1.866042361324861
hsa_steady_output_gap_bn_end_2019_baseline_20260622_132131,hsa_steady,rho_2,-0.8117457842694595,0.034697002317829004,-0.8693631729953334,-0.7418643655389016
hsa_steady_output_gap_bn_end_2019_baseline_20260622_132131,hsa_steady,n,-0.02977754867356349,0.08247961270200516,-0.14817851366437587,0.14702429497401828
hsa_steady_output_gap_bn_end_2019_baseline_20260622_132131,hsa_steady,lambda_ez,0.00495307464258111,0.10992471653469821,-0.24487729574974185,0.1387926467231186
hsa_steady_output_gap_bn_exclude_covid_baseline_20260622_132128,hsa_steady,alpha,0.6723893230640586,0.05856730026337212,0.5627769824767946,0.7488037630173111
hsa_steady_output_gap_bn_exclude_covid_baseline_20260622_132128,hsa_steady,kappa_0,0.15725688537439114,0.17310362917535543,-0.10978956059614617,0.4860340253916581
hsa_steady_output_gap_bn_exclude_covid_baseline_20260622_132128,hsa_steady,delta,-0.0005023227546704994,0.0009195032199607387,-0.0020306430248109146,0.0009152911222446506
hsa_steady_output_gap_bn_exclude_covid_baseline_20260622_132128,hsa_steady,phi_1,0.909951607015213,0.03453743112604637,0.8335059281691106,0.9734228412630624
hsa_steady_output_gap_bn_exclude_covid_baseline_20260622_132128,hsa_steady,rho_1,1.8280986899893938,0.048157109732888205,1.7353378115863447,1.8952886144489223
hsa_steady_output_gap_bn_exclude_covid_baseline_20260622_132128,hsa_steady,rho_2,-0.8315914505877581,0.04762905259295088,-0.8976529363139989,-0.7398335407666589
hsa_steady_output_gap_bn_exclude_covid_baseline_20260622_132128,hsa_steady,n,-0.0703482082449253,0.08099474887859742,-0.1879917383698766,0.09199897369406249
hsa_steady_output_gap_bn_exclude_covid_baseline_20260622_132128,hsa_steady,lambda_ez,-0.027562608878520366,0.14210845738394978,-0.26035336436407597,0.2440921677450703
hsa_steady_output_gap_bn_full_baseline_20260622_132124,hsa_steady,alpha,0.6551779808056757,0.06616741713025731,0.5340335575192884,0.7544827809186169
hsa_steady_output_gap_bn_full_baseline_20260622_132124,hsa_steady,kappa_0,0.1364361197042062,0.19599096802808716,-0.2434797849121711,0.4294515073711298
hsa_steady_output_gap_bn_full_baseline_20260622_132124,hsa_steady,delta,-0.0004144635393631503,0.000955063799117975,-0.0017417970200029195,0.0016271055068464348
hsa_steady_output_gap_bn_full_baseline_20260622_132124,hsa_steady,phi_1,0.9184303724722014,0.03126303909236539,0.8669232873738919,0.9739632988538164
hsa_steady_output_gap_bn_full_baseline_20260622_132124,hsa_steady,rho_1,1.802457607091473,0.05015762854883398,1.7002124528906268,1.893109316361288
hsa_steady_output_gap_bn_full_baseline_20260622_132124,hsa_steady,rho_2,-0.8061260424809141,0.05054834386140869,-0.899586080554971,-0.702759589716165
hsa_steady_output_gap_bn_full_baseline_20260622_132124,hsa_steady,n,-0.056693364184917536,0.07369620933668071,-0.19979146372772774,0.05878421737369246
hsa_steady_output_gap_bn_full_baseline_20260622_132124,hsa_steady,lambda_ez,0.0006547878023973289,0.095983549661666,-0.16140843181264816,0.1607722144248561
hsa_steady_output_gap_bn_post_2008_baseline_20260622_132127,hsa_steady,alpha,0.5262007433930147,0.11538155085618533,0.3525201646016739,0.7181104801688281
hsa_steady_output_gap_bn_post_2008_baseline_20260622_132127,hsa_steady,kappa_0,0.13547665704051332,0.2510681210379339,-0.27097010730620186,0.6127338731401453
hsa_steady_output_gap_bn_post_2008_baseline_20260622_132127,hsa_steady,delta,0.0004972788852724034,0.0014913961096942848,-0.0024068476296003863,0.0026591138077891284
hsa_steady_output_gap_bn_post_2008_baseline_20260622_132127,hsa_steady,phi_1,0.8545953443192357,0.06396983971463302,0.7136617180611868,0.9501942737263556
hsa_steady_output_gap_bn_post_2008_baseline_20260622_132127,hsa_steady,rho_1,0.5045619551601367,0.1898864699668994,0.19875475309728102,0.8584092004667391
hsa_steady_output_gap_bn_post_2008_baseline_20260622_132127,hsa_steady,rho_2,-0.4480496725218499,0.14945794653850583,-0.6571098632833258,-0.1274066413834284
hsa_steady_output_gap_bn_post_2008_baseline_20260622_132127,hsa_steady,n,-0.06857928284408861,0.09606672926045148,-0.21204461270819625,0.18893088702559308
hsa_steady_output_gap_bn_post_2008_baseline_20260622_132127,hsa_steady,lambda_ez,0.1796060332422354,0.33638980373101396,-0.4220580350149407,0.6854817014350194
hsa_steady_output_gap_bn_pre_2008_baseline_20260622_132125,hsa_steady,alpha,0.7244922280671563,0.06647426254254357,0.6135151219477378,0.8497812715686577
hsa_steady_output_gap_bn_pre_2008_baseline_20260622_132125,hsa_steady,kappa_0,0.12027707963962726,0.18474806568003352,-0.15782081731388273,0.4916908089323074
hsa_steady_output_gap_bn_pre_2008_baseline_20260622_132125,hsa_steady,delta,-0.000314058739603513,0.0009603930543965143,-0.0022924458713477324,0.0012880657498902971
hsa_steady_output_gap_bn_pre_2008_baseline_20260622_132125,hsa_steady,phi_1,0.9047980381403928,0.03660720991915353,0.8423276280919559,0.9932182844210222
hsa_steady_output_gap_bn_pre_2008_baseline_20260622_132125,hsa_steady,rho_1,1.8143714534455306,0.05676558536310423,1.7048210686466083,1.8982585970690118
hsa_steady_output_gap_bn_pre_2008_baseline_20260622_132125,hsa_steady,rho_2,-0.8207090288561633,0.056387516070931606,-0.9049809893321163,-0.7100966408335415
hsa_steady_output_gap_bn_pre_2008_baseline_20260622_132125,hsa_steady,n,-0.03198614453436312,0.07272384733252463,-0.1677271613612245,0.10752366156578544
hsa_steady_output_gap_bn_pre_2008_baseline_20260622_132125,hsa_steady,lambda_ez,-0.12669006467218247,0.09289433281672681,-0.2921128196164812,0.0313277575642167
hsa_steady_output_gap_bn_start_1988_baseline_20260622_132130,hsa_steady,alpha,0.6422153132559659,0.07346943360865629,0.5231116858016883,0.7773474659154085
hsa_steady_output_gap_bn_start_1988_baseline_20260622_132130,hsa_steady,kappa_0,0.09714276859525117,0.210685751930449,-0.2810198731516633,0.46118396940755807
hsa_steady_output_gap_bn_start_1988_baseline_20260622_132130,hsa_steady,delta,-9.024833681663866e-05,0.0010882011104829399,-0.0020919417723537343,0.0016743139957633708
hsa_steady_output_gap_bn_start_1988_baseline_20260622_132130,hsa_steady,phi_1,0.9119971557017188,0.041719987320953555,0.8486163531384857,0.9824465303151413
hsa_steady_output_gap_bn_start_1988_baseline_20260622_132130,hsa_steady,rho_1,1.743894297997377,0.0682036447475815,1.6355537802926958,1.867331566676552
hsa_steady_output_gap_bn_start_1988_baseline_20260622_132130,hsa_steady,rho_2,-0.7483313521301962,0.06883075589648006,-0.8745836930966376,-0.6377403626865954
hsa_steady_output_gap_bn_start_1988_baseline_20260622_132130,hsa_steady,n,-0.21221648721632205,0.08923262796566386,-0.36464942819718155,-0.0032918266275308934
hsa_steady_output_gap_bn_start_1988_baseline_20260622_132130,hsa_steady,lambda_ez,0.006778447941671525,0.14893494042162525,-0.24336865707969077,0.24948757325649562
hsa_steady_output_gap_bn_tight_20260622_132047,hsa_steady,alpha,0.635411577410317,0.06439075117275643,0.5449079823622188,0.773801558735725
hsa_steady_output_gap_bn_tight_20260622_132047,hsa_steady,kappa_0,0.13855283238680402,0.10668583728778301,-0.09292488195267955,0.3230335042771998
hsa_steady_output_gap_bn_tight_20260622_132047,hsa_steady,delta,-0.0005235499789184595,0.0006820412884710625,-0.0019740789096760456,0.000895763162148828
hsa_steady_output_gap_bn_tight_20260622_132047,hsa_steady,phi_1,0.8994879145793678,0.02819208648607538,0.8447456467480402,0.9391532191693369
hsa_steady_output_gap_bn_tight_20260622_132047,hsa_steady,rho_1,0.5634895993823372,0.1054155674660811,0.3514906620122842,0.7331365877716233
hsa_steady_output_gap_bn_tight_20260622_132047,hsa_steady,rho_2,-0.3715953030297884,0.11394509992867247,-0.5633954040632169,-0.16177478270960427
hsa_steady_output_gap_bn_tight_20260622_132047,hsa_steady,n,-0.019664403028532465,0.0443818366389172,-0.09689983052730139,0.05496098340032216
hsa_steady_output_gap_bn_tight_20260622_132047,hsa_steady,lambda_ez,-0.00938676218062186,0.10355769238340812,-0.20542251356642358,0.11698572951114176
hsa_steady_output_gap_bn_weak_20260622_132044,hsa_steady,alpha,0.6744368954789841,0.06031090759918985,0.5566625839515402,0.7893369170069344
hsa_steady_output_gap_bn_weak_20260622_132044,hsa_steady,kappa_0,0.3115006383168318,0.4374487262903605,-0.3882988896694281,1.070057990556687
hsa_steady_output_gap_bn_weak_20260622_132044,hsa_steady,delta,-0.0013103198917123527,0.0022639528792097107,-0.00539728489263916,0.002778227433574813
hsa_steady_output_gap_bn_weak_20260622_132044,hsa_steady,phi_1,0.9200997294011316,0.031539417417572754,0.8757469474790652,0.9852056313075715
hsa_steady_output_gap_bn_weak_20260622_132044,hsa_steady,rho_1,1.9130527833433564,0.038224382128188975,1.8480722806623646,1.9768425432169359
hsa_steady_output_gap_bn_weak_20260622_132044,hsa_steady,rho_2,-0.9171759504667806,0.03851864873299013,-0.9796041715664023,-0.8540454449517723
hsa_steady_output_gap_bn_weak_20260622_132044,hsa_steady,n,-0.15242229916395544,0.10283376367493814,-0.33658713972442195,0.007169289485479211
hsa_steady_output_gap_bn_weak_20260622_132044,hsa_steady,lambda_ez,0.008756495449063132,0.08637738961704604,-0.13026059900178152,0.19751408230569895
hsa_steady_unemployment_gap_baseline_20260622_131739,hsa_steady,alpha,0.6577146518731218,0.055270882881609085,0.5494211196201224,0.7578497606769006
hsa_steady_unemployment_gap_baseline_20260622_131739,hsa_steady,kappa_0,0.07574055837183429,0.20481955244972114,-0.36729841383541106,0.36646623893862007
hsa_steady_unemployment_gap_baseline_20260622_131739,hsa_steady,delta,-5.6308932395560354e-05,0.001025807218413304,-0.0016572990900074662,0.0021052168184222016
hsa_steady_unemployment_gap_baseline_20260622_131739,hsa_steady,phi_1,0.9533133221810501,0.025417924013128805,0.9065064580848246,0.9897174263031324
hsa_steady_unemployment_gap_baseline_20260622_131739,hsa_steady,rho_1,1.8133950688514595,0.048062552592627025,1.713808642289736,1.9008665049052709
hsa_steady_unemployment_gap_baseline_20260622_131739,hsa_steady,rho_2,-0.8168465175180352,0.04810759338818177,-0.904655384526517,-0.7164520569022479
hsa_steady_unemployment_gap_baseline_20260622_131739,hsa_steady,n,-0.06090484947812508,0.0737774699033144,-0.17485828964593927,0.0646160042441034
hsa_steady_unemployment_gap_baseline_20260622_131739,hsa_steady,lambda_ez,0.023250067199877496,0.09667285427207856,-0.14787569525472724,0.18839350544583836
hsa_steady_unemployment_gap_baseline_20260622_132052,hsa_steady,alpha,0.6577146518731218,0.055270882881609085,0.5494211196201224,0.7578497606769006
hsa_steady_unemployment_gap_baseline_20260622_132052,hsa_steady,kappa_0,0.07574055837183429,0.20481955244972114,-0.36729841383541106,0.36646623893862007
hsa_steady_unemployment_gap_baseline_20260622_132052,hsa_steady,delta,-5.6308932395560354e-05,0.001025807218413304,-0.0016572990900074662,0.0021052168184222016
hsa_steady_unemployment_gap_baseline_20260622_132052,hsa_steady,phi_1,0.9533133221810501,0.025417924013128805,0.9065064580848246,0.9897174263031324
hsa_steady_unemployment_gap_baseline_20260622_132052,hsa_steady,rho_1,1.8133950688514595,0.048062552592627025,1.713808642289736,1.9008665049052709
hsa_steady_unemployment_gap_baseline_20260622_132052,hsa_steady,rho_2,-0.8168465175180352,0.04810759338818177,-0.904655384526517,-0.7164520569022479
hsa_steady_unemployment_gap_baseline_20260622_132052,hsa_steady,n,-0.06090484947812508,0.0737774699033144,-0.17485828964593927,0.0646160042441034
hsa_steady_unemployment_gap_baseline_20260622_132052,hsa_steady,lambda_ez,0.023250067199877496,0.09667285427207856,-0.14787569525472724,0.18839350544583836
hsa_steady_unemployment_gap_end_2019_baseline_20260622_132140,hsa_steady,alpha,0.6530487822131221,0.05534348019006323,0.5534057565918996,0.7573980908940681
hsa_steady_unemployment_gap_end_2019_baseline_20260622_132140,hsa_steady,kappa_0,0.004153493091920354,0.2234292264000547,-0.4906017051703647,0.3742008411996701
hsa_steady_unemployment_gap_end_2019_baseline_20260622_132140,hsa_steady,delta,0.00025684620776419704,0.0011054795221099145,-0.0015757989079227851,0.002568509621640926
hsa_steady_unemployment_gap_end_2019_baseline_20260622_132140,hsa_steady,phi_1,0.9414194225414727,0.03030078449534246,0.8892471348788997,0.997650765000152
hsa_steady_unemployment_gap_end_2019_baseline_20260622_132140,hsa_steady,rho_1,1.8232947043818206,0.042000784975774925,1.7610248062994418,1.8861607227788362
hsa_steady_unemployment_gap_end_2019_baseline_20260622_132140,hsa_steady,rho_2,-0.8275324579946843,0.04178755890280369,-0.8922809831575046,-0.770380264529854
hsa_steady_unemployment_gap_end_2019_baseline_20260622_132140,hsa_steady,n,-0.057342455140038016,0.056649900469997454,-0.15287688238880698,0.02453365194595229
hsa_steady_unemployment_gap_end_2019_baseline_20260622_132140,hsa_steady,lambda_ez,0.029879465885727142,0.09056279343739741,-0.12950406647031706,0.1800011751389563
hsa_steady_unemployment_gap_exclude_covid_baseline_20260622_132137,hsa_steady,alpha,0.638856053817529,0.05214980415652085,0.5336355767873795,0.7118519646352793
hsa_steady_unemployment_gap_exclude_covid_baseline_20260622_132137,hsa_steady,kappa_0,-0.019975778875994915,0.21944328592111095,-0.42713105125068507,0.2862363756649122
hsa_steady_unemployment_gap_exclude_covid_baseline_20260622_132137,hsa_steady,delta,0.0003759850646774091,0.001112160838730818,-0.0012412217933286873,0.002616769337585805
hsa_steady_unemployment_gap_exclude_covid_baseline_20260622_132137,hsa_steady,phi_1,0.9504918994414556,0.031533066014250356,0.9003990861291489,1.0125433790386613
hsa_steady_unemployment_gap_exclude_covid_baseline_20260622_132137,hsa_steady,rho_1,1.828145318557566,0.051140293808371914,1.7126029832278549,1.9198659272743466
hsa_steady_unemployment_gap_exclude_covid_baseline_20260622_132137,hsa_steady,rho_2,-0.831896662140133,0.05025110478260864,-0.9206779517316638,-0.7188327953389806
hsa_steady_unemployment_gap_exclude_covid_baseline_20260622_132137,hsa_steady,n,-0.09163179007821756,0.07289844238361098,-0.19369324935851162,0.0743349224090195
hsa_steady_unemployment_gap_exclude_covid_baseline_20260622_132137,hsa_steady,lambda_ez,0.05778851605431825,0.11159211729709623,-0.1632512348102144,0.24227312612347415
hsa_steady_unemployment_gap_full_baseline_20260622_132133,hsa_steady,alpha,0.6577146518731218,0.055270882881609085,0.5494211196201224,0.7578497606769006
hsa_steady_unemployment_gap_full_baseline_20260622_132133,hsa_steady,kappa_0,0.07574055837183429,0.20481955244972114,-0.36729841383541106,0.36646623893862007
hsa_steady_unemployment_gap_full_baseline_20260622_132133,hsa_steady,delta,-5.6308932395560354e-05,0.001025807218413304,-0.0016572990900074662,0.0021052168184222016
hsa_steady_unemployment_gap_full_baseline_20260622_132133,hsa_steady,phi_1,0.9533133221810501,0.025417924013128805,0.9065064580848246,0.9897174263031324
hsa_steady_unemployment_gap_full_baseline_20260622_132133,hsa_steady,rho_1,1.8133950688514595,0.048062552592627025,1.713808642289736,1.9008665049052709
hsa_steady_unemployment_gap_full_baseline_20260622_132133,hsa_steady,rho_2,-0.8168465175180352,0.04810759338818177,-0.904655384526517,-0.7164520569022479
hsa_steady_unemployment_gap_full_baseline_20260622_132133,hsa_steady,n,-0.06090484947812508,0.0737774699033144,-0.17485828964593927,0.0646160042441034
hsa_steady_unemployment_gap_full_baseline_20260622_132133,hsa_steady,lambda_ez,0.023250067199877496,0.09667285427207856,-0.14787569525472724,0.18839350544583836
hsa_steady_unemployment_gap_post_2008_baseline_20260622_132137,hsa_steady,alpha,0.610216985571385,0.11080601440292855,0.40948904695771765,0.7891716262338617
hsa_steady_unemployment_gap_post_2008_baseline_20260622_132137,hsa_steady,kappa_0,0.06735932497969079,0.2540221196741707,-0.42510916343160704,0.46384249550901935
hsa_steady_unemployment_gap_post_2008_baseline_20260622_132137,hsa_steady,delta,-0.0004669816844152101,0.0014216066743741372,-0.003016497127561592,0.002137756966551749
hsa_steady_unemployment_gap_post_2008_baseline_20260622_132137,hsa_steady,phi_1,0.983656402616608,0.05316751788680907,0.861904080311225,1.0703101536777389
hsa_steady_unemployment_gap_post_2008_baseline_20260622_132137,hsa_steady,rho_1,0.5333222455747088,0.20713724508198028,0.11196302042786639,0.9119985230045711
hsa_steady_unemployment_gap_post_2008_baseline_20260622_132137,hsa_steady,rho_2,-0.4451856603902911,0.15579985288079434,-0.7270595745596753,-0.19564697788176286
hsa_steady_unemployment_gap_post_2008_baseline_20260622_132137,hsa_steady,n,-0.06440364146980139,0.09549682071794055,-0.21468712490426556,0.18581168054746192
hsa_steady_unemployment_gap_post_2008_baseline_20260622_132137,hsa_steady,lambda_ez,0.24813712088643908,0.28246853880918654,-0.263300310438905,0.6228323918764281
hsa_steady_unemployment_gap_pre_2008_baseline_20260622_132135,hsa_steady,alpha,0.6704346811319878,0.05098370977870718,0.5908103914601667,0.7651532488749768
hsa_steady_unemployment_gap_pre_2008_baseline_20260622_132135,hsa_steady,kappa_0,0.09841330042554569,0.18363700849375308,-0.19242609449420978,0.46161767124827363
hsa_steady_unemployment_gap_pre_2008_baseline_20260622_132135,hsa_steady,delta,0.00034841595289459334,0.0009660697375559578,-0.0015815994530124942,0.002134801998957926
hsa_steady_unemployment_gap_pre_2008_baseline_20260622_132135,hsa_steady,phi_1,0.8898860276574538,0.03629289038044532,0.823341397213202,0.9597910753868201
hsa_steady_unemployment_gap_pre_2008_baseline_20260622_132135,hsa_steady,rho_1,1.8120133862738854,0.06376889165321509,1.6807856158468775,1.904774963550487
hsa_steady_unemployment_gap_pre_2008_baseline_20260622_132135,hsa_steady,rho_2,-0.8179613916116905,0.06275645540872189,-0.9114079580778006,-0.6860003606631901
hsa_steady_unemployment_gap_pre_2008_baseline_20260622_132135,hsa_steady,n,-0.0269305795520124,0.07436837279859534,-0.15033018606616125,0.13014581209532747
hsa_steady_unemployment_gap_pre_2008_baseline_20260622_132135,hsa_steady,lambda_ez,-0.08295483623066982,0.07651728691988684,-0.19447487580491704,0.0687082545408841
hsa_steady_unemployment_gap_start_1988_baseline_20260622_132139,hsa_steady,alpha,0.6111832763161325,0.05379556700269524,0.512015249249605,0.6950764910938971
hsa_steady_unemployment_gap_start_1988_baseline_20260622_132139,hsa_steady,kappa_0,0.05263589481907109,0.19996410371568013,-0.4687035075295923,0.46662830271063466
hsa_steady_unemployment_gap_start_1988_baseline_20260622_132139,hsa_steady,delta,-0.0003263992736865324,0.0010485222222093062,-0.0025504919729676463,0.0022825097916855676
hsa_steady_unemployment_gap_start_1988_baseline_20260622_132139,hsa_steady,phi_1,0.9605329181594187,0.029262954070923552,0.9040632768741372,1.0147496855350358
hsa_steady_unemployment_gap_start_1988_baseline_20260622_132139,hsa_steady,rho_1,1.6974111823405877,0.06978106281752432,1.5633224079441606,1.8238108750829978
hsa_steady_unemployment_gap_start_1988_baseline_20260622_132139,hsa_steady,rho_2,-0.7043953568868335,0.07009328864167211,-0.8345883213227901,-0.5708702844297961
hsa_steady_unemployment_gap_start_1988_baseline_20260622_132139,hsa_steady,n,-0.2974992037518551,0.07156870030114247,-0.44046749645031674,-0.13731394582280712
hsa_steady_unemployment_gap_start_1988_baseline_20260622_132139,hsa_steady,lambda_ez,0.05717889922172461,0.10481926153636743,-0.10208250240231001,0.2904220936406302
hsa_steady_unemployment_gap_tight_20260622_132056,hsa_steady,alpha,0.6169594928928188,0.05603939200452559,0.5138946835594485,0.7148591203358381
hsa_steady_unemployment_gap_tight_20260622_132056,hsa_steady,kappa_0,0.04593501040083546,0.10583205980092486,-0.13598966944852292,0.2704983099287129
hsa_steady_unemployment_gap_tight_20260622_132056,hsa_steady,delta,5.244568861327917e-05,0.0005066476234183822,-0.0009158163291038185,0.0008656963429091341
hsa_steady_unemployment_gap_tight_20260622_132056,hsa_steady,phi_1,0.9366478602899667,0.024158447051179664,0.890335767019206,0.9725990302416654
hsa_steady_unemployment_gap_tight_20260622_132056,hsa_steady,rho_1,0.594335772384716,0.10338822820353415,0.3941057198594694,0.7615492872216286
hsa_steady_unemployment_gap_tight_20260622_132056,hsa_steady,rho_2,-0.32447539025958233,0.13708613506969672,-0.5106612484331147,-0.01262318089122539
hsa_steady_unemployment_gap_tight_20260622_132056,hsa_steady,n,-0.019493697995510297,0.04429317880604252,-0.09589355969700138,0.056108833416935996
hsa_steady_unemployment_gap_tight_20260622_132056,hsa_steady,lambda_ez,0.015398130111416549,0.1118612572106193,-0.16021243216361938,0.19187577040365567
hsa_steady_unemployment_gap_weak_20260622_132053,hsa_steady,alpha,0.6432194103525501,0.047422752304167884,0.5566912371989168,0.7305551751315437
hsa_steady_unemployment_gap_weak_20260622_132053,hsa_steady,kappa_0,-0.6887270575484884,0.3050133212900136,-1.171288580171247,-0.18011651509573046
hsa_steady_unemployment_gap_weak_20260622_132053,hsa_steady,delta,0.004147957729461969,0.0016176280380112336,0.001455933700922164,0.0066370969116770605
hsa_steady_unemployment_gap_weak_20260622_132053,hsa_steady,phi_1,0.9549864687871148,0.02234215087802219,0.9170694798703858,0.9996240266433012
hsa_steady_unemployment_gap_weak_20260622_132053,hsa_steady,rho_1,1.9052305112236545,0.03845774915279029,1.8456847584132112,1.972651830129937
hsa_steady_unemployment_gap_weak_20260622_132053,hsa_steady,rho_2,-0.9085195841540834,0.03830561069833509,-0.9744584145056275,-0.8493606777883991
hsa_steady_unemployment_gap_weak_20260622_132053,hsa_steady,n,-0.27243670436096645,0.08415245712229281,-0.4216613870800954,-0.1243876633876522
hsa_steady_unemployment_gap_weak_20260622_132053,hsa_steady,lambda_ez,-0.0001325327440953053,0.10419755666877605,-0.21147527161084248,0.1681427065161759
